0,1,2,3,4
1,https://vietnamnet.vn//giao-duc/diem-thi/tra-cuu-diem-chuan-cd-dh-2023/truong/hoc-vien-quoc-te?keyword=AIS,Học viện quốc tế,AIS,TP HCM
2,https://vietnamnet.vn//giao-duc/diem-thi/tra-cuu-diem-chuan-cd-dh-2023/truong/hoc-vien-an-ninh-nhan-dan?keyword=ANH,Học viện An Ninh Nhân Dân,ANH,Hà Nội
3,https://vietnamnet.vn//giao-duc/diem-thi/tra-cuu-diem-chuan-cd-dh-2023/truong/dai-hoc-an-ninh-nhan-dan?keyword=ANS,Đại học An Ninh Nhân Dân,ANS,Hà Nội
4,https://vietnamnet.vn//giao-duc/diem-thi/tra-cuu-diem-chuan-cd-dh-2023/truong/dai-hoc-bach-khoa-ha-noi?keyword=BKA,Đại học Bách khoa Hà Nội,BKA,Hà Nội
5,https://vietnamnet.vn//giao-duc/diem-thi/tra-cuu-diem-chuan-cd-dh-2023/truong/dai-hoc-buon-ma-thuot?keyword=BMU,Đại học Buôn Ma Thuột,BMU,Đắk Lắk
6,https://vietnamnet.vn//giao-duc/diem-thi/tra-cuu-diem-chuan-cd-dh-2023/truong/hoc-vien-bien-phong?keyword=BPH,Học viện Biên Phòng,BPH,Hà Nội
7,https://vietnamnet.vn//giao-duc/diem-thi/tra-cuu-diem-chuan-cd-dh-2023/truong/hoc-vien-cong-nghe-buu-chinh-vien-thong-phia-bac?keyword=BVH,Học viện Công nghệ Bưu chính Viễn thông (phía Bắc),BVH,Hà Nội
8,https://vietnamnet.vn//giao-duc/diem-thi/tra-cuu-diem-chuan-cd-dh-2023/truong/hoc-vien-cong-nghe-buu-chinh-vien-thong-phia-nam?keyword=BVS,Học viện Công nghệ Bưu chính Viễn thông (phía Nam),BVS,TP HCM
9,https://vietnamnet.vn//giao-duc/diem-thi/tra-cuu-diem-chuan-cd-dh-2023/truong/dai-hoc-ba-ria-vung-tau?keyword=BVU,Đại học Bà Rịa Vũng Tàu,BVU,Bà Rịa - Vũng Tàu
10,https://vietnamnet.vn//giao-duc/diem-thi/tra-cuu-diem-chuan-cd-dh-2023/truong/dai-hoc-cong-nghiep-det-may-ha-noi?keyword=CCM,Đại học Công Nghiệp Dệt May Hà Nội,CCM,Hà Nội
11,https://vietnamnet.vn//giao-duc/diem-thi/tra-cuu-diem-chuan-cd-dh-2023/truong/dai-hoc-kinh-te-nghe-an?keyword=CEA,Đại học Kinh Tế Nghệ An,CEA,Nghệ An
12,https://vietnamnet.vn//giao-duc/diem-thi/tra-cuu-diem-chuan-cd-dh-2023/truong/hoc-vien-canh-sat-nhan-dan?keyword=CSH,Học viện Cảnh sát nhân dân,CSH,Hà Nội
13,https://vietnamnet.vn//giao-duc/diem-thi/tra-cuu-diem-chuan-cd-dh-2023/truong/dai-hoc-canh-sat-nhan-dan?keyword=CSS,Đại học Cảnh Sát Nhân Dân,CSS,Hà Nội
14,https://vietnamnet.vn//giao-duc/diem-thi/tra-cuu-diem-chuan-cd-dh-2023/truong/dai-hoc-dong-a?keyword=DAD,Đại Học Đông Á,DAD,Đà Nẵng
15,https://vietnamnet.vn//giao-duc/diem-thi/tra-cuu-diem-chuan-cd-dh-2023/truong/dai-hoc-binh-duong?keyword=DBD,Đại học Bình Dương,DBD,Bình Dương
16,https://vietnamnet.vn//giao-duc/diem-thi/tra-cuu-diem-chuan-cd-dh-2023/truong/dai-hoc-nong-lam-bac-giang?keyword=DBG,Đại học Nông Lâm Bắc Giang,DBG,Bắc Giang
17,https://vietnamnet.vn//giao-duc/diem-thi/tra-cuu-diem-chuan-cd-dh-2023/truong/dai-hoc-quoc-te-bac-ha?keyword=DBH,Đại Học Quốc Tế Bắc Hà,DBH,Hà Nội
18,https://vietnamnet.vn//giao-duc/diem-thi/tra-cuu-diem-chuan-cd-dh-2023/truong/dai-hoc-bac-lieu?keyword=DBL,Đại học Bạc Liêu,DBL,Bạc Liêu
19,https://vietnamnet.vn//giao-duc/diem-thi/tra-cuu-diem-chuan-cd-dh-2023/truong/dai-hoc-chu-van-an?keyword=DCA,Đại học Chu Văn An,DCA,Hưng Yên
20,https://vietnamnet.vn//giao-duc/diem-thi/tra-cuu-diem-chuan-cd-dh-2023/truong/dai-hoc-cong-nghe-dong-nai?keyword=DCD,Đại học Công nghệ Đồng Nai,DCD,Đồng Nai
21,https://vietnamnet.vn//giao-duc/diem-thi/tra-cuu-diem-chuan-cd-dh-2023/truong/truong-si-quan-dac-cong?keyword=DCH,Trường Sĩ Quan Đặc Công,DCH,Hà Nội
22,https://vietnamnet.vn//giao-duc/diem-thi/tra-cuu-diem-chuan-cd-dh-2023/truong/dai-hoc-cuu-long?keyword=DCL,Đại học Cửu Long,DCL,Vĩnh Long
23,https://vietnamnet.vn//giao-duc/diem-thi/tra-cuu-diem-chuan-cd-dh-2023/truong/dai-hoc-cong-nghiep-ha-noi?keyword=DCN,Đại học Công nghiệp Hà Nội,DCN,Hà Nội
24,https://vietnamnet.vn//giao-duc/diem-thi/tra-cuu-diem-chuan-cd-dh-2023/truong/dai-hoc-cong-nghe-va-quan-ly-huu-nghi?keyword=DCQ,Đại học Công Nghệ và Quản Lý Hữu Nghị,DCQ,Hà Nội
25,https://vietnamnet.vn//giao-duc/diem-thi/tra-cuu-diem-chuan-cd-dh-2023/truong/dai-hoc-cong-nghiep-thuc-pham-tp-hcm?keyword=DCT,Đại học Công nghiệp Thực phẩm TP HCM,DCT,TP HCM
26,https://vietnamnet.vn//giao-duc/diem-thi/tra-cuu-diem-chuan-cd-dh-2023/truong/dai-hoc-cong-nghiep-vinh?keyword=DCV,Đại học Công nghiệp Vinh,DCV,Nghệ An
27,https://vietnamnet.vn//giao-duc/diem-thi/tra-cuu-diem-chuan-cd-dh-2023/truong/dai-hoc-cong-nghe-dong-a?keyword=DDA,Đại học Công Nghệ Đông Á,DDA,Hà Nội
28,https://vietnamnet.vn//giao-duc/diem-thi/tra-cuu-diem-chuan-cd-dh-2023/truong/dai-hoc-thanh-dong?keyword=DDB,Đại Học Thành Đông,DDB,Hải Dương
29,https://vietnamnet.vn//giao-duc/diem-thi/tra-cuu-diem-chuan-cd-dh-2023/truong/dai-hoc-ngoai-ngu-dai-hoc-da-nang?keyword=DDF,Đại học Ngoại Ngữ - Đại học Đà Nẵng,DDF,Đà Nẵng
30,https://vietnamnet.vn//giao-duc/diem-thi/tra-cuu-diem-chuan-cd-dh-2023/truong/khoa-giao-duc-the-chat-dai-hoc-da-nang?keyword=DDG,Khoa Giáo dục thể chất - Đại học Đà Nẵng,DDG,Hà Nội
31,https://vietnamnet.vn//giao-duc/diem-thi/tra-cuu-diem-chuan-cd-dh-2023/truong/dai-hoc-bach-khoa-dai-hoc-da-nang?keyword=DDK,Đại học Bách Khoa - Đại học Đà Nẵng,DDK,Đà Nẵng
32,https://vietnamnet.vn//giao-duc/diem-thi/tra-cuu-diem-chuan-cd-dh-2023/truong/dai-hoc-dien-luc?keyword=DDL,Đại học Điện lực,DDL,Hà Nội
33,https://vietnamnet.vn//giao-duc/diem-thi/tra-cuu-diem-chuan-cd-dh-2023/truong/dai-hoc-cong-nghiep-quang-ninh?keyword=DDM,Đại học Công Nghiệp Quảng Ninh,DDM,Quảng Ninh
34,https://vietnamnet.vn//giao-duc/diem-thi/tra-cuu-diem-chuan-cd-dh-2023/truong/dai-hoc-dai-nam?keyword=DDN,Đại học Đại Nam,DDN,Hà Nội
35,https://vietnamnet.vn//giao-duc/diem-thi/tra-cuu-diem-chuan-cd-dh-2023/truong/phan-hieu-dai-hoc-da-nang-tai-kon-tum?keyword=DDP,Phân Hiệu Đại học Đà Nẵng tại Kon Tum,DDP,Kon Tum
36,https://vietnamnet.vn//giao-duc/diem-thi/tra-cuu-diem-chuan-cd-dh-2023/truong/dai-hoc-kinh-te-dai-hoc-da-nang?keyword=DDQ,Đại học Kinh Tế - Đại học Đà Nẵng,DDQ,Đà Nẵng
37,https://vietnamnet.vn//giao-duc/diem-thi/tra-cuu-diem-chuan-cd-dh-2023/truong/dai-hoc-su-pham-dai-hoc-da-nang?keyword=DDS,Đại học Sư Phạm - Đại học Đà Nẵng,DDS,Đà Nẵng
38,https://vietnamnet.vn//giao-duc/diem-thi/tra-cuu-diem-chuan-cd-dh-2023/truong/dai-hoc-dan-lap-duy-tan?keyword=DDT,Đại học Dân Lập Duy Tân,DDT,Đà Nẵng
39,https://vietnamnet.vn//giao-duc/diem-thi/tra-cuu-diem-chuan-cd-dh-2023/truong/dai-hoc-dong-do?keyword=DDU,Đại Học Đông Đô,DDU,Hà Nội
40,https://vietnamnet.vn//giao-duc/diem-thi/tra-cuu-diem-chuan-cd-dh-2023/truong/vien-nghien-cuu-va-dao-tao-viet-anh-dai-hoc-da-nang?keyword=DDV,Viện Nghiên cứu và Đào tạo Việt - Anh - Đại học Đà Nẵng,DDV,Đà Nẵng
41,https://vietnamnet.vn//giao-duc/diem-thi/tra-cuu-diem-chuan-cd-dh-2023/truong/khoa-y-duoc-dai-hoc-da-nang?keyword=DDY,Khoa Y Dược - Đại học Đà Nẵng,DDY,Đà Nẵng
42,https://vietnamnet.vn//giao-duc/diem-thi/tra-cuu-diem-chuan-cd-dh-2023/truong/dfa?keyword=DFA,DFA,DFA,Hưng Yên
43,https://vietnamnet.vn//giao-duc/diem-thi/tra-cuu-diem-chuan-cd-dh-2023/truong/dai-hoc-luat-dai-hoc-hue?keyword=DHA,Đại học Luật - Đại học Huế,DHA,Huế
44,https://vietnamnet.vn//giao-duc/diem-thi/tra-cuu-diem-chuan-cd-dh-2023/truong/khoa-giao-duc-the-chat-dai-hoc-hue?keyword=DHC,Khoa Giáo Dục Thể Chất - Đại học Huế,DHC,Huế
45,https://vietnamnet.vn//giao-duc/diem-thi/tra-cuu-diem-chuan-cd-dh-2023/truong/khoa-du-lich-dai-hoc-hue?keyword=DHD,Khoa Du Lịch - Đại học Huế,DHD,Huế
46,https://vietnamnet.vn//giao-duc/diem-thi/tra-cuu-diem-chuan-cd-dh-2023/truong/khoa-ky-thuat-va-cong-nghe-dh-hue?keyword=DHE,Khoa Kỹ thuật và Công Nghệ - ĐH Huế,DHE,Huế
47,https://vietnamnet.vn//giao-duc/diem-thi/tra-cuu-diem-chuan-cd-dh-2023/truong/dai-hoc-ngoai-ngu-dai-hoc-hue?keyword=DHF,Đại học Ngoại Ngữ - Đại học Huế,DHF,Huế
48,https://vietnamnet.vn//giao-duc/diem-thi/tra-cuu-diem-chuan-cd-dh-2023/truong/dai-hoc-ha-hoa-tien?keyword=DHH,Đại Học Hà Hoa Tiên,DHH,Hà Nam
49,https://vietnamnet.vn//giao-duc/diem-thi/tra-cuu-diem-chuan-cd-dh-2023/truong/khoa-quoc-te-dh-hue?keyword=DHI,Khoa Quốc Tế - ĐH Huế,DHI,Huế
50,https://vietnamnet.vn//giao-duc/diem-thi/tra-cuu-diem-chuan-cd-dh-2023/truong/dai-hoc-kinh-te-dai-hoc-hue?keyword=DHK,Đại học Kinh Tế - Đại học Huế,DHK,Huế
51,https://vietnamnet.vn//giao-duc/diem-thi/tra-cuu-diem-chuan-cd-dh-2023/truong/dai-hoc-nong-lam-dai-hoc-hue?keyword=DHL,Đại học Nông Lâm - Đại học Huế,DHL,Huế
52,https://vietnamnet.vn//giao-duc/diem-thi/tra-cuu-diem-chuan-cd-dh-2023/truong/dai-hoc-nghe-thuat-dai-hoc-hue?keyword=DHN,Đại học Nghệ Thuật - Đại học Huế,DHN,Huế
53,https://vietnamnet.vn//giao-duc/diem-thi/tra-cuu-diem-chuan-cd-dh-2023/truong/dai-hoc-dan-lap-hai-phong?keyword=DHP,Đại Học Dân Lập Hải Phòng,DHP,Hải Phòng
54,https://vietnamnet.vn//giao-duc/diem-thi/tra-cuu-diem-chuan-cd-dh-2023/truong/phan-hieu-dai-hoc-hue-tai-quang-tri?keyword=DHQ,Phân Hiệu Đại học Huế tại Quảng Trị,DHQ,Huế
55,https://vietnamnet.vn//giao-duc/diem-thi/tra-cuu-diem-chuan-cd-dh-2023/truong/dai-hoc-su-pham-dai-hoc-hue?keyword=DHS,Đại học Sư Phạm - Đại học Huế,DHS,Huế
56,https://vietnamnet.vn//giao-duc/diem-thi/tra-cuu-diem-chuan-cd-dh-2023/truong/dai-hoc-khoa-hoc-dai-hoc-hue?keyword=DHT,Đại học Khoa Học - Đại học Huế,DHT,Huế
57,https://vietnamnet.vn//giao-duc/diem-thi/tra-cuu-diem-chuan-cd-dh-2023/truong/dai-hoc-hung-vuong-tp-hcm?keyword=DHV,Đại học Hùng Vương TP HCM,DHV,TP HCM
58,https://vietnamnet.vn//giao-duc/diem-thi/tra-cuu-diem-chuan-cd-dh-2023/truong/dai-hoc-y-duoc-dai-hoc-hue?keyword=DHY,Đại học Y Dược - Đại học Huế,DHY,Huế
59,https://vietnamnet.vn//giao-duc/diem-thi/tra-cuu-diem-chuan-cd-dh-2023/truong/dai-hoc-kinh-te-ky-thuat-binh-duong?keyword=DKB,Đại học Kinh tế Kỹ thuật Bình Dương,DKB,Bình Dương
60,https://vietnamnet.vn//giao-duc/diem-thi/tra-cuu-diem-chuan-cd-dh-2023/truong/dai-hoc-cong-nghe-tp-hcm?keyword=DKC,Đại học Công nghệ TP HCM,DKC,TP HCM
61,https://vietnamnet.vn//giao-duc/diem-thi/tra-cuu-diem-chuan-cd-dh-2023/truong/dai-hoc-kinh-te-ky-thuat-cong-nghiep-nam-dinh?keyword=DKD,Đại học Kinh tế Kỹ thuật công nghiệp Nam Định,DKD,Nam Định
62,https://vietnamnet.vn//giao-duc/diem-thi/tra-cuu-diem-chuan-cd-dh-2023/truong/dai-hoc-duoc-ha-noi?keyword=DKH,Đại học Dược Hà Nội,DKH,Hà Nội
63,https://vietnamnet.vn//giao-duc/diem-thi/tra-cuu-diem-chuan-cd-dh-2023/truong/dai-hoc-kinh-te-ky-thuat-cong-nghiep?keyword=DKK,Đại học Kinh Tế Kỹ Thuật Công Nghiệp,DKK,Hà Nội
64,https://vietnamnet.vn//giao-duc/diem-thi/tra-cuu-diem-chuan-cd-dh-2023/truong/dai-hoc-tai-chinh-ke-toan?keyword=DKQ,Đại học Tài Chính Kế Toán,DKQ,Quảng Ngãi
65,https://vietnamnet.vn//giao-duc/diem-thi/tra-cuu-diem-chuan-cd-dh-2023/truong/dai-hoc-kiem-sat-ha-noi?keyword=DKS,Đại học Kiểm sát Hà Nội,DKS,Hà Nội
66,https://vietnamnet.vn//giao-duc/diem-thi/tra-cuu-diem-chuan-cd-dh-2023/truong/dai-hoc-hai-duong?keyword=DKT,Đại Học Hải Dương,DKT,Hải Dương
67,https://vietnamnet.vn//giao-duc/diem-thi/tra-cuu-diem-chuan-cd-dh-2023/truong/dai-hoc-ky-thuat-y-te-hai-duong?keyword=DKY,Đại học Kỹ thuật Y tế Hải Dương,DKY,Hải Dương
68,https://vietnamnet.vn//giao-duc/diem-thi/tra-cuu-diem-chuan-cd-dh-2023/truong/dai-hoc-kinh-te-cong-nghiep-long-an?keyword=DLA,Đại học Kinh tế Công nghiệp Long An,DLA,Long An
69,https://vietnamnet.vn//giao-duc/diem-thi/tra-cuu-diem-chuan-cd-dh-2023/truong/dai-hoc-lac-hong?keyword=DLH,Đại học Lạc Hồng,DLH,Đồng Nai
70,https://vietnamnet.vn//giao-duc/diem-thi/tra-cuu-diem-chuan-cd-dh-2023/truong/dai-hoc-lao-dong-xa-hoi-co-so-phia-nam?keyword=DLS,Đại học Lao động - Xã hội (Cơ sở phía Nam),DLS,TP HCM
71,https://vietnamnet.vn//giao-duc/diem-thi/tra-cuu-diem-chuan-cd-dh-2023/truong/dai-hoc-lao-dong-xa-hoi-co-so-son-tay?keyword=DLT,Đại Học Lao động – Xã hội ( Cơ sở Sơn Tây ),DLT,Hà Nội
72,https://vietnamnet.vn//giao-duc/diem-thi/tra-cuu-diem-chuan-cd-dh-2023/truong/dai-hoc-lao-dong-xa-hoi-co-so-ha-noi?keyword=DLX,Đại học Lao động - Xã hội (Cơ sở Hà Nội),DLX,Hà Nội
73,https://vietnamnet.vn//giao-duc/diem-thi/tra-cuu-diem-chuan-cd-dh-2023/truong/dai-hoc-cong-nghe-mien-dong?keyword=DMD,Đại học Công nghệ Miền Đông,DMD,Hà Nội
74,https://vietnamnet.vn//giao-duc/diem-thi/tra-cuu-diem-chuan-cd-dh-2023/truong/dai-hoc-tai-chinh-marketing?keyword=DMS,Đại học Tài chính Marketing,DMS,TP HCM
75,https://vietnamnet.vn//giao-duc/diem-thi/tra-cuu-diem-chuan-cd-dh-2023/truong/dai-hoc-tai-nguyen-va-moi-truong-ha-noi?keyword=DMT,Đại học Tài nguyên và Môi trường Hà Nội,DMT,Hà Nội
76,https://vietnamnet.vn//giao-duc/diem-thi/tra-cuu-diem-chuan-cd-dh-2023/truong/phan-hieu-dh-tai-nguyen-va-moi-truong-tai-thanh-hoa?keyword=DMT2,Phân hiệu ĐH Tài nguyên và Môi trường tại Thanh Hoá,DMT2,Thanh Hóa
77,https://vietnamnet.vn//giao-duc/diem-thi/tra-cuu-diem-chuan-cd-dh-2023/truong/dai-hoc-hoa-lu?keyword=DNB,Đại học Hoa Lư,DNB,Ninh Bình
78,https://vietnamnet.vn//giao-duc/diem-thi/tra-cuu-diem-chuan-cd-dh-2023/truong/dai-hoc-nam-can-tho?keyword=DNC,Đại học Nam Cần Thơ,DNC,Cần Thơ
79,https://vietnamnet.vn//giao-duc/diem-thi/tra-cuu-diem-chuan-cd-dh-2023/truong/hoc-vien-khoa-hoc-quan-su-he-dan-su?keyword=DNH,Học Viện Khoa Học Quân Sự - Hệ Dân sự,DNH,Hà Nội
80,https://vietnamnet.vn//giao-duc/diem-thi/tra-cuu-diem-chuan-cd-dh-2023/truong/dai-hoc-ngoai-ngu-tin-hoc-tp-hcm?keyword=DNT,Đại học Ngoại ngữ - Tin học TP HCM,DNT,TP HCM
81,https://vietnamnet.vn//giao-duc/diem-thi/tra-cuu-diem-chuan-cd-dh-2023/truong/dai-hoc-dong-nai?keyword=DNU,Đại học Đồng Nai,DNU,Đồng Nai
82,https://vietnamnet.vn//giao-duc/diem-thi/tra-cuu-diem-chuan-cd-dh-2023/truong/phan-hieu-dai-hoc-noi-vu-tai-quang-nam?keyword=DNV,Phân hiệu Đại học Nội vụ tại Quảng Nam,DNV,Quảng Nam
83,https://vietnamnet.vn//giao-duc/diem-thi/tra-cuu-diem-chuan-cd-dh-2023/truong/dai-hoc-phan-chau-trinh?keyword=DPC,Đại học Phan Châu Trinh,DPC,Quảng Nam
84,https://vietnamnet.vn//giao-duc/diem-thi/tra-cuu-diem-chuan-cd-dh-2023/truong/dai-hoc-dan-lap-phuong-dong?keyword=DPD,Đại học Dân lập Phương Đông,DPD,Hà Nội
85,https://vietnamnet.vn//giao-duc/diem-thi/tra-cuu-diem-chuan-cd-dh-2023/truong/dai-hoc-pham-van-dong?keyword=DPQ,Đại học Phạm Văn Đồng,DPQ,Quảng Ngãi
86,https://vietnamnet.vn//giao-duc/diem-thi/tra-cuu-diem-chuan-cd-dh-2023/truong/dai-hoc-phan-thiet?keyword=DPT,Đại học Phan Thiết,DPT,Bình Thuận
87,https://vietnamnet.vn//giao-duc/diem-thi/tra-cuu-diem-chuan-cd-dh-2023/truong/dai-hoc-dan-lap-phu-xuan?keyword=DPX,Đại học Dân Lập Phú Xuân,DPX,Huế
88,https://vietnamnet.vn//giao-duc/diem-thi/tra-cuu-diem-chuan-cd-dh-2023/truong/dai-hoc-phu-yen?keyword=DPY,Đại học Phú Yên,DPY,Phú Yên
89,https://vietnamnet.vn//giao-duc/diem-thi/tra-cuu-diem-chuan-cd-dh-2023/truong/dai-hoc-quang-binh?keyword=DQB,Đại Học Quảng Bình,DQB,Quảng Bình
90,https://vietnamnet.vn//giao-duc/diem-thi/tra-cuu-diem-chuan-cd-dh-2023/truong/hoc-vien-ki-thuat-quan-su-he-dan-su?keyword=DQH,Học Viện Kĩ Thuật Quân Sự - Hệ Dân sự,DQH,Hà Nội
91,https://vietnamnet.vn//giao-duc/diem-thi/tra-cuu-diem-chuan-cd-dh-2023/truong/dai-hoc-kinh-doanh-va-cong-nghe-ha-noi?keyword=DQK,Đại học Kinh doanh và Công nghệ Hà Nội,DQK,Hà Nội
92,https://vietnamnet.vn//giao-duc/diem-thi/tra-cuu-diem-chuan-cd-dh-2023/truong/dai-hoc-quy-nhon?keyword=DQN,Đại học Quy Nhơn,DQN,Bình Định
93,https://vietnamnet.vn//giao-duc/diem-thi/tra-cuu-diem-chuan-cd-dh-2023/truong/dai-hoc-quang-trung?keyword=DQT,Đại học Quang Trung,DQT,Bình Định
94,https://vietnamnet.vn//giao-duc/diem-thi/tra-cuu-diem-chuan-cd-dh-2023/truong/dai-hoc-quang-nam?keyword=DQU,Đại học Quảng Nam,DQU,Quảng Nam
95,https://vietnamnet.vn//giao-duc/diem-thi/tra-cuu-diem-chuan-cd-dh-2023/truong/dai-hoc-san-khau-dien-anh-tp-hcm?keyword=DSD,Đại học Sân khấu - Điện ảnh TP HCM,DSD,TP HCM
96,https://vietnamnet.vn//giao-duc/diem-thi/tra-cuu-diem-chuan-cd-dh-2023/truong/dai-hoc-cong-nghe-sai-gon?keyword=DSG,Đại học Công nghệ Sài Gòn,DSG,TP HCM
97,https://vietnamnet.vn//giao-duc/diem-thi/tra-cuu-diem-chuan-cd-dh-2023/truong/dai-hoc-su-pham-ky-thuat-dai-hoc-da-nang?keyword=DSK,Đại học Sư phạm Kỹ thuật - Đại học Đà Nẵng,DSK,Đà Nẵng
98,https://vietnamnet.vn//giao-duc/diem-thi/tra-cuu-diem-chuan-cd-dh-2023/truong/dai-hoc-phenikaa?keyword=DTA,Đại học Phenikaa,DTA,Hà Nội
99,https://vietnamnet.vn//giao-duc/diem-thi/tra-cuu-diem-chuan-cd-dh-2023/truong/dai-hoc-thai-binh?keyword=DTB,Đại học Thái Bình,DTB,Thái Bình
100,https://vietnamnet.vn//giao-duc/diem-thi/tra-cuu-diem-chuan-cd-dh-2023/truong/dai-hoc-cong-nghe-thong-tin-va-truyen-thong-dai-hoc-thai-nguyen?keyword=DTC,Đại học Công Nghệ Thông Tin và Truyền Thông - Đại học Thái Nguyên,DTC,Thái Nguyên
101,https://vietnamnet.vn//giao-duc/diem-thi/tra-cuu-diem-chuan-cd-dh-2023/truong/dai-hoc-tay-do?keyword=DTD,Đại học Tây Đô,DTD,Cần Thơ
102,https://vietnamnet.vn//giao-duc/diem-thi/tra-cuu-diem-chuan-cd-dh-2023/truong/dai-hoc-kinh-te-quan-tri-kinh-doanh-dai-hoc-thai-nguyen?keyword=DTE,Đại học Kinh Tế  & Quản Trị Kinh Doanh - Đại học Thái Nguyên,DTE,Thái Nguyên
103,https://vietnamnet.vn//giao-duc/diem-thi/tra-cuu-diem-chuan-cd-dh-2023/truong/khoa-ngoai-ngu-dai-hoc-thai-nguyen?keyword=DTF,Khoa Ngoại Ngữ - Đại học Thái Nguyên,DTF,Thái Nguyên
104,https://vietnamnet.vn//giao-duc/diem-thi/tra-cuu-diem-chuan-cd-dh-2023/truong/dai-hoc-ky-thuat-cong-nghiep-dai-hoc-thai-nguyen?keyword=DTK,Đại học Kỹ Thuật Công Nghiệp - Đại học Thái Nguyên,DTK,Thái Nguyên
105,https://vietnamnet.vn//giao-duc/diem-thi/tra-cuu-diem-chuan-cd-dh-2023/truong/dai-hoc-thang-long?keyword=DTL,Đại học Thăng Long,DTL,Hà Nội
106,https://vietnamnet.vn//giao-duc/diem-thi/tra-cuu-diem-chuan-cd-dh-2023/truong/dai-hoc-tai-nguyen-va-moi-truong-tp-hcm?keyword=DTM,Đại học Tài nguyên và Môi trường TP HCM,DTM,TP HCM
107,https://vietnamnet.vn//giao-duc/diem-thi/tra-cuu-diem-chuan-cd-dh-2023/truong/dai-hoc-nong-lam-dai-hoc-thai-nguyen?keyword=DTN,Đại học Nông Lâm - Đại học Thái Nguyên,DTN,Thái Nguyên
108,https://vietnamnet.vn//giao-duc/diem-thi/tra-cuu-diem-chuan-cd-dh-2023/truong/phan-hieu-dai-hoc-thai-nguyen-tai-lao-cai?keyword=DTP,Phân hiệu Đại học Thái Nguyên tại Lào Cai,DTP,Lào Cai
109,https://vietnamnet.vn//giao-duc/diem-thi/tra-cuu-diem-chuan-cd-dh-2023/truong/khoa-quoc-te-dai-hoc-thai-nguyen?keyword=DTQ,Khoa Quốc Tế - Đại học Thái Nguyên,DTQ,Thái Nguyên
110,https://vietnamnet.vn//giao-duc/diem-thi/tra-cuu-diem-chuan-cd-dh-2023/truong/daihoc-su-pham-dai-hoc-thai-nguyen?keyword=DTS,Đại Học Sư Phạm - Đại học Thái Nguyên,DTS,Thái Nguyên
111,https://vietnamnet.vn//giao-duc/diem-thi/tra-cuu-diem-chuan-cd-dh-2023/truong/dai-hoc-ton-duc-thang?keyword=DTT,Đại học Tôn Đức Thắng,DTT,TP HCM
112,https://vietnamnet.vn//giao-duc/diem-thi/tra-cuu-diem-chuan-cd-dh-2023/truong/dai-hoc-luong-the-vinh?keyword=DTV,Đại Học Lương Thế Vinh,DTV,Nam Định
113,https://vietnamnet.vn//giao-duc/diem-thi/tra-cuu-diem-chuan-cd-dh-2023/truong/dai-hoc-y-duoc-dai-hoc-thai-nguyen?keyword=DTY,Đại học Y Dược - Đại học Thái Nguyên,DTY,Thái Nguyên
114,https://vietnamnet.vn//giao-duc/diem-thi/tra-cuu-diem-chuan-cd-dh-2023/truong/dai-hoc-khoa-hoc-dai-hoc-thai-nguyen?keyword=DTZ,Đại học Khoa Học - Đại học Thái Nguyên,DTZ,Thái Nguyên
115,https://vietnamnet.vn//giao-duc/diem-thi/tra-cuu-diem-chuan-cd-dh-2023/truong/dai-hoc-viet-bac?keyword=DVB,Đại học Việt Bắc,DVB,Thái Nguyên
116,https://vietnamnet.vn//giao-duc/diem-thi/tra-cuu-diem-chuan-cd-dh-2023/truong/dai-hoc-van-hoa-the-thao-va-du-lich-thanh-hoa?keyword=DVD,"Đại học Văn Hóa, Thể Thao Và Du Lịch Thanh Hóa",DVD,Thanh Hóa
117,https://vietnamnet.vn//giao-duc/diem-thi/tra-cuu-diem-chuan-cd-dh-2023/truong/dai-hoc-van-hien?keyword=DVH,Đại học Văn Hiến,DVH,TP HCM
118,https://vietnamnet.vn//giao-duc/diem-thi/tra-cuu-diem-chuan-cd-dh-2023/truong/dai-hoc-van-lang?keyword=DVL,Đại học Văn Lang,DVL,TP HCM
119,https://vietnamnet.vn//giao-duc/diem-thi/tra-cuu-diem-chuan-cd-dh-2023/truong/dai-hoc-trung-vuong?keyword=DVP,Đại học Trưng Vương,DVP,Vĩnh Phúc
120,https://vietnamnet.vn//giao-duc/diem-thi/tra-cuu-diem-chuan-cd-dh-2023/truong/dai-hoc-tra-vinh?keyword=DVT,Đại học Trà Vinh,DVT,Trà Vinh
121,https://vietnamnet.vn//giao-duc/diem-thi/tra-cuu-diem-chuan-cd-dh-2023/truong/dai-hoc-cong-nghe-van-xuan?keyword=DVX,Đại học Công Nghệ Vạn Xuân,DVX,Nghệ An
122,https://vietnamnet.vn//giao-duc/diem-thi/tra-cuu-diem-chuan-cd-dh-2023/truong/dai-hoc-yersin-da-lat?keyword=DYD,Đại học Yersin Đà Lạt,DYD,Lâm Đồng
123,https://vietnamnet.vn//giao-duc/diem-thi/tra-cuu-diem-chuan-cd-dh-2023/truong/hoc-vien-quan-y-he-dan-su?keyword=DYH,Học Viện Quân Y - Hệ Dân sự,DYH,Hà Nội
124,https://vietnamnet.vn//giao-duc/diem-thi/tra-cuu-diem-chuan-cd-dh-2023/truong/dai-hoc-quoc-te-mien-dong?keyword=EIU,Đại học Quốc tế Miền Đông,EIU,Bình Dương
125,https://vietnamnet.vn//giao-duc/diem-thi/tra-cuu-diem-chuan-cd-dh-2023/truong/dai-hoc-hoa-binh?keyword=ETU,Đại học Hòa Bình,ETU,Hà Nội
126,https://vietnamnet.vn//giao-duc/diem-thi/tra-cuu-diem-chuan-cd-dh-2023/truong/dai-hoc-tai-chinh-ngan-hang-ha-noi?keyword=FBU,Đại học Tài Chính Ngân Hàng Hà Nội,FBU,Hà Nội
127,https://vietnamnet.vn//giao-duc/diem-thi/tra-cuu-diem-chuan-cd-dh-2023/truong/dai-hoc-fpt?keyword=FPT,Đại Học FPT,FPT,Hà Nội
128,https://vietnamnet.vn//giao-duc/diem-thi/tra-cuu-diem-chuan-cd-dh-2023/truong/dai-hoc-gia-dinh?keyword=GDU,Đại học Gia Định,GDU,TP HCM
129,https://vietnamnet.vn//giao-duc/diem-thi/tra-cuu-diem-chuan-cd-dh-2023/truong/dai-hoc-giao-thong-van-tai-co-so-phia-bac?keyword=GHA,Đại học Giao thông Vận tải ( Cơ sở Phía Bắc ),GHA,Hà Nội
130,https://vietnamnet.vn//giao-duc/diem-thi/tra-cuu-diem-chuan-cd-dh-2023/truong/dai-hoc-su-pham-nghe-thuat-trung-uong?keyword=GNT,Đại Học Sư Phạm Nghệ Thuật Trung Ương,GNT,Hà Nội
131,https://vietnamnet.vn//giao-duc/diem-thi/tra-cuu-diem-chuan-cd-dh-2023/truong/dai-hoc-giao-thong-van-tai-co-so-phia-nam?keyword=GSA,Đại học Giao thông Vận tải ( Cơ sở Phía Nam),GSA,TP HCM
132,https://vietnamnet.vn//giao-duc/diem-thi/tra-cuu-diem-chuan-cd-dh-2023/truong/dai-hoc-cong-nghe-giao-thong-van-tai?keyword=GTA,Đại học Công nghệ Giao thông vận tải,GTA,Hà Nội
133,https://vietnamnet.vn//giao-duc/diem-thi/tra-cuu-diem-chuan-cd-dh-2023/truong/dai-hoc-giao-thong-van-tai-tp-hcm?keyword=GTS,Đại học Giao thông vận tải TP HCM,GTS,TP HCM
134,https://vietnamnet.vn//giao-duc/diem-thi/tra-cuu-diem-chuan-cd-dh-2023/truong/hoc-vien-bao-chi-va-tuyen-truyen?keyword=HBT,Học viện Báo chí và Tuyên truyền,HBT,Hà Nội
135,https://vietnamnet.vn//giao-duc/diem-thi/tra-cuu-diem-chuan-cd-dh-2023/truong/hoc-vien-chinh-tri-cong-an-nhan-dan?keyword=HCA,Học viện Chính Trị Công An Nhân Dân,HCA,Hà Nội
136,https://vietnamnet.vn//giao-duc/diem-thi/tra-cuu-diem-chuan-cd-dh-2023/truong/dai-hoc-ky-thuat-hau-can-cong-an-nhan-dan-phia-bac?keyword=HCB,Đại học Kỹ Thuật - Hậu Cần Công An Nhân Dân ( Phía Bắc ),HCB,Bắc Ninh
137,https://vietnamnet.vn//giao-duc/diem-thi/tra-cuu-diem-chuan-cd-dh-2023/truong/hoc-vien-hanh-chinh-quoc-gia-phia-bac?keyword=HCH,Học Viện Hành Chính Quốc Gia ( phía Bắc ),HCH,Hà Nội
138,https://vietnamnet.vn//giao-duc/diem-thi/tra-cuu-diem-chuan-cd-dh-2023/truong/dai-hoc-ky-thuat-hau-can-cong-an-nhan-dan-phia-nam?keyword=HCN,Đại học Kỹ Thuật - Hậu Cần Công An Nhân Dân ( Phía Nam ),HCN,Đồng Nai
139,https://vietnamnet.vn//giao-duc/diem-thi/tra-cuu-diem-chuan-cd-dh-2023/truong/hoc-vien-chinh-sach-va-phat-trien?keyword=HCP,Học viện Chính sách và Phát triển,HCP,Hà Nội
140,https://vietnamnet.vn//giao-duc/diem-thi/tra-cuu-diem-chuan-cd-dh-2023/truong/hoc-vien-hanh-chinh-quoc-gia-phia-nam?keyword=HCS,Học Viện Hành Chính Quốc Gia (phía Nam),HCS,TP HCM
141,https://vietnamnet.vn//giao-duc/diem-thi/tra-cuu-diem-chuan-cd-dh-2023/truong/dai-hoc-hong-duc?keyword=HDT,Đại học Hồng Đức,HDT,Thanh Hóa
142,https://vietnamnet.vn//giao-duc/diem-thi/tra-cuu-diem-chuan-cd-dh-2023/truong/hoc-vien-hau-can-he-quan-su?keyword=HEH,Học viện Hậu Cần - Hệ Quân sự,HEH,Hà Nội
143,https://vietnamnet.vn//giao-duc/diem-thi/tra-cuu-diem-chuan-cd-dh-2023/truong/dai-hoc-tai-chinh-ke-toan?keyword=HFA,Đại học Tài Chính Kế Toán,HFA,Hà Nội
144,https://vietnamnet.vn//giao-duc/diem-thi/tra-cuu-diem-chuan-cd-dh-2023/truong/hoc-vien-hau-can-he-dan-su?keyword=HFH,Học Viện Hậu Cần - Hệ Dân sự,HFH,Hà Nội
145,https://vietnamnet.vn//giao-duc/diem-thi/tra-cuu-diem-chuan-cd-dh-2023/truong/truong-si-quan-phong-hoa?keyword=HGH,Trường Sĩ Quan Phòng Hóa,HGH,Hà Nội
146,https://vietnamnet.vn//giao-duc/diem-thi/tra-cuu-diem-chuan-cd-dh-2023/truong/dai-hoc-hang-hai-viet-nam?keyword=HHA,Đại học Hàng hải Việt Nam,HHA,Hải Phòng
147,https://vietnamnet.vn//giao-duc/diem-thi/tra-cuu-diem-chuan-cd-dh-2023/truong/hoc-vien-hang-khong-viet-nam?keyword=HHK,Học viện Hàng không Việt Nam,HHK,TP HCM
148,https://vietnamnet.vn//giao-duc/diem-thi/tra-cuu-diem-chuan-cd-dh-2023/truong/dai-hoc-ha-tinh?keyword=HHT,Đại học Hà Tĩnh,HHT,Hà Tĩnh
149,https://vietnamnet.vn//giao-duc/diem-thi/tra-cuu-diem-chuan-cd-dh-2023/truong/dai-hoc-quoc-te-hong-bang?keyword=HIU,Đại học Quốc tế Hồng Bàng,HIU,TP HCM
150,https://vietnamnet.vn//giao-duc/diem-thi/tra-cuu-diem-chuan-cd-dh-2023/truong/dai-hoc-ha-long?keyword=HLU,Đại học Hạ Long,HLU,Quảng Ninh
151,https://vietnamnet.vn//giao-duc/diem-thi/tra-cuu-diem-chuan-cd-dh-2023/truong/dai-hoc-thu-do-ha-noi?keyword=HNM,Đại học Thủ Đô Hà Nội,HNM,Hà Nội
152,https://vietnamnet.vn//giao-duc/diem-thi/tra-cuu-diem-chuan-cd-dh-2023/truong/hoc-vien-phu-nu-viet-nam?keyword=HPN,Học viện Phụ nữ Việt Nam,HPN,Hà Nội
153,https://vietnamnet.vn//giao-duc/diem-thi/tra-cuu-diem-chuan-cd-dh-2023/truong/hoc-vien-hai-quan?keyword=HQH,Học viện Hải Quân,HQH,Khánh Hòa
154,https://vietnamnet.vn//giao-duc/diem-thi/tra-cuu-diem-chuan-cd-dh-2023/truong/hoc-vien-ngoai-giao?keyword=HQT,Học viện Ngoại giao,HQT,Hà Nội
155,https://vietnamnet.vn//giao-duc/diem-thi/tra-cuu-diem-chuan-cd-dh-2023/truong/dai-hoc-hoa-sen?keyword=HSU,Đại học Hoa Sen,HSU,TP HCM
156,https://vietnamnet.vn//giao-duc/diem-thi/tra-cuu-diem-chuan-cd-dh-2023/truong/hoc-vien-toa-an?keyword=HTA,Học viện Tòa án,HTA,Hà Nội
157,https://vietnamnet.vn//giao-duc/diem-thi/tra-cuu-diem-chuan-cd-dh-2023/truong/hoc-vien-tai-chinh?keyword=HTC,Học viện Tài chính,HTC,Hà Nội
158,https://vietnamnet.vn//giao-duc/diem-thi/tra-cuu-diem-chuan-cd-dh-2023/truong/hoc-vien-thanh-thieu-nien-viet-nam?keyword=HTN,Học viện Thanh Thiếu Niên Việt Nam,HTN,Hà Nội
159,https://vietnamnet.vn//giao-duc/diem-thi/tra-cuu-diem-chuan-cd-dh-2023/truong/dai-hoc-cong-nghiep-tp-hcm?keyword=HUI,Đại học Công nghiệp TP HCM,HUI,TP HCM
160,https://vietnamnet.vn//giao-duc/diem-thi/tra-cuu-diem-chuan-cd-dh-2023/truong/hoc-vien-am-nhac-hue?keyword=HVA,Học Viện Âm Nhạc Huế,HVA,Huế
161,https://vietnamnet.vn//giao-duc/diem-thi/tra-cuu-diem-chuan-cd-dh-2023/truong/hoc-vien-can-bo-tp-hcm?keyword=HVC,Học viện cán bộ TP HCM,HVC,TP HCM
162,https://vietnamnet.vn//giao-duc/diem-thi/tra-cuu-diem-chuan-cd-dh-2023/truong/hoc-vien-nong-nghiep-viet-nam?keyword=HVN,Học viện Nông Nghiệp Việt Nam,HVN,Hà Nội
163,https://vietnamnet.vn//giao-duc/diem-thi/tra-cuu-diem-chuan-cd-dh-2023/truong/hoc-vien-quan-ly-giao-duc?keyword=HVQ,Học viện Quản Lý Giáo Dục,HVQ,Hà Nội
164,https://vietnamnet.vn//giao-duc/diem-thi/tra-cuu-diem-chuan-cd-dh-2023/truong/hoc-vien-y-duoc-hoc-co-truyen-viet-nam?keyword=HYD,Học viện Y Dược học cổ truyền Việt Nam,HYD,Hà Nội
165,https://vietnamnet.vn//giao-duc/diem-thi/tra-cuu-diem-chuan-cd-dh-2023/truong/dai-hoc-ky-thuat-cong-nghe-can-tho?keyword=KCC,Đại học Kỹ thuật Công nghệ Cần Thơ,KCC,Cần Thơ
166,https://vietnamnet.vn//giao-duc/diem-thi/tra-cuu-diem-chuan-cd-dh-2023/truong/dai-hoc-khoa-hoc-va-cong-nghe-ha-noi?keyword=KCN,Đại học Khoa Học Và Công Nghệ Hà Nội,KCN,Hà Nội
167,https://vietnamnet.vn//giao-duc/diem-thi/tra-cuu-diem-chuan-cd-dh-2023/truong/truong-si-quan-khong-quan-he-dai-hoc?keyword=KGH,Trường Sĩ Quan Không Quân - Hệ Đại học,KGH,Khánh Hòa
168,https://vietnamnet.vn//giao-duc/diem-thi/tra-cuu-diem-chuan-cd-dh-2023/truong/dai-hoc-kinh-te-quoc-dan?keyword=KHA,Đại học Kinh tế quốc dân,KHA,Hà Nội
169,https://vietnamnet.vn//giao-duc/diem-thi/tra-cuu-diem-chuan-cd-dh-2023/truong/phan-hieu-hvktmm-tai-tp-hcm?keyword=KMA,Phân hiệu HVKTMM tại TP HCM,KMA,TP HCM
170,https://vietnamnet.vn//giao-duc/diem-thi/tra-cuu-diem-chuan-cd-dh-2023/truong/hoc-vien-ki-thuat-quan-su-he-quan-su?keyword=KQH,Học viện Kĩ Thuật Quân Sự - Hệ Quân sự,KQH,Hà Nội
171,https://vietnamnet.vn//giao-duc/diem-thi/tra-cuu-diem-chuan-cd-dh-2023/truong/dai-hoc-kinh-te-tp-hcm?keyword=KSA,Đại học Kinh tế TP HCM,KSA,TP HCM
172,https://vietnamnet.vn//giao-duc/diem-thi/tra-cuu-diem-chuan-cd-dh-2023/truong/dai-hoc-kien-truc-ha-noi?keyword=KTA,Đại học Kiến trúc Hà Nội,KTA,Hà Nội
173,https://vietnamnet.vn//giao-duc/diem-thi/tra-cuu-diem-chuan-cd-dh-2023/truong/dai-hoc-kien-truc-da-nang?keyword=KTD,Đại học Kiến trúc Đà Nẵng,KTD,Đà Nẵng
174,https://vietnamnet.vn//giao-duc/diem-thi/tra-cuu-diem-chuan-cd-dh-2023/truong/dai-hoc-kien-truc-tai-trung-tam-dao-tao-co-so-can-tho?keyword=KTS,Đại học Kiến trúc tại Trung tâm đào tạo cơ sở Cần Thơ,KTS,Cần Thơ
175,https://vietnamnet.vn//giao-duc/diem-thi/tra-cuu-diem-chuan-cd-dh-2023/truong/truong-si-quan-luc-quan-1-dai-hoc-tran-quoc-tuan?keyword=LAH,Trường Sĩ Quan Lục Quân 1 - Đại học Trần Quốc Tuấn,LAH,Hà Nội
176,https://vietnamnet.vn//giao-duc/diem-thi/tra-cuu-diem-chuan-cd-dh-2023/truong/truong-si-quan-luc-quan-2-dai-hoc-nguyen-hue?keyword=LBH,Trường Sĩ Quan Lục Quân 2 - Đại học Nguyễn Huệ,LBH,Đồng Nai
177,https://vietnamnet.vn//giao-duc/diem-thi/tra-cuu-diem-chuan-cd-dh-2023/truong/dai-hoc-nguyen-hue?keyword=LBS,Đại học Nguyễn Huệ,LBS,Hà Nội
178,https://vietnamnet.vn//giao-duc/diem-thi/tra-cuu-diem-chuan-cd-dh-2023/truong/truong-si-quan-chinh-tri-dai-hoc-chinh-tri?keyword=LCH,Trường Sĩ Quan Chính Trị - Đại học Chính Trị,LCH,Hà Nội
179,https://vietnamnet.vn//giao-duc/diem-thi/tra-cuu-diem-chuan-cd-dh-2023/truong/truong-si-quan-chinh-tri-he-dan-su?keyword=LCS,Trường Sĩ quan Chính trị (hệ dân sự),LCS,Hà Nội
180,https://vietnamnet.vn//giao-duc/diem-thi/tra-cuu-diem-chuan-cd-dh-2023/truong/dai-hoc-cong-doan?keyword=LDA,Đại học Công đoàn,LDA,Hà Nội
181,https://vietnamnet.vn//giao-duc/diem-thi/tra-cuu-diem-chuan-cd-dh-2023/truong/dai-hoc-lam-nghiep-co-so-1?keyword=LNH,Đại học Lâm nghiệp (Cơ sở 1),LNH,Hà Nội
182,https://vietnamnet.vn//giao-duc/diem-thi/tra-cuu-diem-chuan-cd-dh-2023/truong/dai-hoc-lam-nghiep-co-so-2?keyword=LNS,Đại học Lâm nghiệp (Cơ sở 2),LNS,Đồng Nai
183,https://vietnamnet.vn//giao-duc/diem-thi/tra-cuu-diem-chuan-cd-dh-2023/truong/dai-hoc-luat-ha-noi?keyword=LPH,Đại học Luật Hà Nội,LPH,Hà Nội
184,https://vietnamnet.vn//giao-duc/diem-thi/tra-cuu-diem-chuan-cd-dh-2023/truong/dai-hoc-luat-tp-hcm?keyword=LPS,Đại học Luật TP HCM,LPS,TP HCM
185,https://vietnamnet.vn//giao-duc/diem-thi/tra-cuu-diem-chuan-cd-dh-2023/truong/dai-hoc-mo-tp-hcm?keyword=MBS,Đại học Mở TP HCM,MBS,TP HCM
186,https://vietnamnet.vn//giao-duc/diem-thi/tra-cuu-diem-chuan-cd-dh-2023/truong/dai-hoc-my-thuat-cong-nghiep-a-chau?keyword=MCA,Đại Học Mỹ Thuật Công Nghiệp Á Châu,MCA,Hà Nội
187,https://vietnamnet.vn//giao-duc/diem-thi/tra-cuu-diem-chuan-cd-dh-2023/truong/dai-hoc-mo-dia-chat?keyword=MDA,Đại học Mỏ - Địa chất,MDA,Hà Nội
188,https://vietnamnet.vn//giao-duc/diem-thi/tra-cuu-diem-chuan-cd-dh-2023/truong/dai-hoc-mo-ha-noi?keyword=MHN,Đại học Mở Hà Nội,MHN,Hà Nội
189,https://vietnamnet.vn//giao-duc/diem-thi/tra-cuu-diem-chuan-cd-dh-2023/truong/dai-hoc-my-thuat-cong-nghiep?keyword=MTC,Đại học Mỹ thuật Công nghiệp,MTC,Hà Nội
190,https://vietnamnet.vn//giao-duc/diem-thi/tra-cuu-diem-chuan-cd-dh-2023/truong/dai-hoc-my-thuat-viet-nam?keyword=MTH,Đại học Mỹ Thuật Việt Nam,MTH,Hà Nội
191,https://vietnamnet.vn//giao-duc/diem-thi/tra-cuu-diem-chuan-cd-dh-2023/truong/dai-hoc-my-thuat-tp-hcm?keyword=MTS,Đại học Mỹ Thuật TP HCM,MTS,TP HCM
192,https://vietnamnet.vn//giao-duc/diem-thi/tra-cuu-diem-chuan-cd-dh-2023/truong/dai-hoc-xay-dung-mien-tay?keyword=MTU,Đại học Xây dựng Miền Tây,MTU,Vĩnh Long
193,https://vietnamnet.vn//giao-duc/diem-thi/tra-cuu-diem-chuan-cd-dh-2023/truong/hoc-vien-ngan-hang-phan-vien-bac-ninh?keyword=NHB,Học viện Ngân Hàng Phân Viện Bắc Ninh,NHB,Bắc Ninh
194,https://vietnamnet.vn//giao-duc/diem-thi/tra-cuu-diem-chuan-cd-dh-2023/truong/dai-hoc-ha-noi?keyword=NHF,Đại học Hà Nội,NHF,Hà Nội
195,https://vietnamnet.vn//giao-duc/diem-thi/tra-cuu-diem-chuan-cd-dh-2023/truong/hoc-vien-ngan-hang?keyword=NHH,Học viện Ngân hàng,NHH,Hà Nội
196,https://vietnamnet.vn//giao-duc/diem-thi/tra-cuu-diem-chuan-cd-dh-2023/truong/hoc-vien-ngan-hang-phan-vien-phu-yen?keyword=NHP,Học Viên Ngân Hàng (Phân Viện Phú Yên),NHP,Phú Yên
197,https://vietnamnet.vn//giao-duc/diem-thi/tra-cuu-diem-chuan-cd-dh-2023/truong/dai-hoc-ngan-hang-tp-hcm?keyword=NHS,Đại học Ngân hàng TP HCM,NHS,TP HCM
198,https://vietnamnet.vn//giao-duc/diem-thi/tra-cuu-diem-chuan-cd-dh-2023/truong/phan-hieu-dai-hoc-nong-lam-tp-hcm-tai-gia-lai?keyword=NLG,Phân hiệu Đại học Nông Lâm TP HCM tại Gia Lai,NLG,Gia Lai
199,https://vietnamnet.vn//giao-duc/diem-thi/tra-cuu-diem-chuan-cd-dh-2023/truong/phan-hieu-dai-hoc-nong-lam-tp-hcm-tai-ninh-thuan?keyword=NLN,Phân hiệu Đại học Nông Lâm TP HCM tại Ninh Thuận,NLN,Ninh Thuận
200,https://vietnamnet.vn//giao-duc/diem-thi/tra-cuu-diem-chuan-cd-dh-2023/truong/dai-hoc-nong-lam-tp-hcm?keyword=NLS,Đại học Nông Lâm TP HCM,NLS,TP HCM
201,https://vietnamnet.vn//giao-duc/diem-thi/tra-cuu-diem-chuan-cd-dh-2023/truong/hoc-vien-khoa-hoc-quan-su-he-quan-su?keyword=NQH,Học viện Khoa Học Quân Sự - Hệ Quân sự,NQH,Hà Nội
202,https://vietnamnet.vn//giao-duc/diem-thi/tra-cuu-diem-chuan-cd-dh-2023/truong/dai-hoc-ngoai-thuong-phia-bac?keyword=NTH,Đại học Ngoại thương (phía Bắc),NTH,Hà Nội
203,https://vietnamnet.vn//giao-duc/diem-thi/tra-cuu-diem-chuan-cd-dh-2023/truong/dai-hoc-ngoai-thuong-phia-nam?keyword=NTS,Đại học Ngoại thương (phía Nam),NTS,TP HCM
204,https://vietnamnet.vn//giao-duc/diem-thi/tra-cuu-diem-chuan-cd-dh-2023/truong/dai-hoc-nguyen-tat-thanh?keyword=NTT,Đại học Nguyễn Tất Thành,NTT,TP HCM
205,https://vietnamnet.vn//giao-duc/diem-thi/tra-cuu-diem-chuan-cd-dh-2023/truong/dai-hoc-nguyen-trai?keyword=NTU,Đại học Nguyễn Trãi,NTU,Hà Nội
206,https://vietnamnet.vn//giao-duc/diem-thi/tra-cuu-diem-chuan-cd-dh-2023/truong/hoc-vien-am-nhac-quoc-gia-viet-nam?keyword=NVH,Học Viện Âm Nhạc Quốc Gia Việt Nam,NVH,Hà Nội
207,https://vietnamnet.vn//giao-duc/diem-thi/tra-cuu-diem-chuan-cd-dh-2023/truong/nhac-vien-tp-hcm?keyword=NVS,Nhạc viện TP HCM,NVS,TP HCM
208,https://vietnamnet.vn//giao-duc/diem-thi/tra-cuu-diem-chuan-cd-dh-2023/truong/truong-si-quan-phao-binh?keyword=PBH,Trường Sĩ Quan Pháo Binh,PBH,Hà Nội
209,https://vietnamnet.vn//giao-duc/diem-thi/tra-cuu-diem-chuan-cd-dh-2023/truong/dai-hoc-phong-chay-chua-chay-phia-bac?keyword=PCH,Đại học Phòng Cháy Chữa Cháy ( Phía Bắc ),PCH,Hà Nội
210,https://vietnamnet.vn//giao-duc/diem-thi/tra-cuu-diem-chuan-cd-dh-2023/truong/dai-hoc-phong-chay-chua-chay-he-dan-su-phia-bac?keyword=PCH1,Đại học Phòng Cháy Chữa Cháy ( Hệ Dân sự Phía Bắc ),PCH1,Hòa Bình
211,https://vietnamnet.vn//giao-duc/diem-thi/tra-cuu-diem-chuan-cd-dh-2023/truong/dai-hoc-phong-chay-chua-chay-phia-nam?keyword=PCS,Đại học Phòng Cháy Chữa Cháy (phía Nam),PCS,Đồng Nai
212,https://vietnamnet.vn//giao-duc/diem-thi/tra-cuu-diem-chuan-cd-dh-2023/truong/dai-hoc-phong-chay-chua-chay-he-dan-su-phia-nam?keyword=PCS1,Đại học Phòng Cháy Chữa Cháy (Hệ Dân sự Phía Nam),PCS1,Hà Nội
213,https://vietnamnet.vn//giao-duc/diem-thi/tra-cuu-diem-chuan-cd-dh-2023/truong/hoc-vien-phong-khong-khong-quan?keyword=PKH,Học viện Phòng Không - Không Quân,PKH,Hà Nội
214,https://vietnamnet.vn//giao-duc/diem-thi/tra-cuu-diem-chuan-cd-dh-2023/truong/dai-hoc-dau-khi-viet-nam?keyword=PVU,Đại học Dầu khí Việt Nam,PVU,Bà Rịa - Vũng Tàu
215,https://vietnamnet.vn//giao-duc/diem-thi/tra-cuu-diem-chuan-cd-dh-2023/truong/khoa-quan-tri-va-kinh-doanh-dh-quoc-gia-ha-noi?keyword=QHD,Khoa Quản trị và Kinh doanh - ĐH Quốc gia Hà Nội,QHD,Hà Nội
216,https://vietnamnet.vn//giao-duc/diem-thi/tra-cuu-diem-chuan-cd-dh-2023/truong/dai-hoc-kinh-te-dai-hoc-quoc-gia-ha-noi?keyword=QHE,Đại học Kinh Tế - Đại học Quốc Gia Hà Nội,QHE,Hà Nội
217,https://vietnamnet.vn//giao-duc/diem-thi/tra-cuu-diem-chuan-cd-dh-2023/truong/dai-hoc-ngoai-ngu-dai-hoc-quoc-gia-ha-noi?keyword=QHF,Đại học Ngoại ngữ - Đại học Quốc Gia Hà Nội,QHF,Hà Nội
218,https://vietnamnet.vn//giao-duc/diem-thi/tra-cuu-diem-chuan-cd-dh-2023/truong/dai-hoc-cong-nghe-dai-hoc-quoc-gia-ha-noi?keyword=QHI,Đại học Công nghệ - Đại học Quốc gia Hà Nội,QHI,Hà Nội
219,https://vietnamnet.vn//giao-duc/diem-thi/tra-cuu-diem-chuan-cd-dh-2023/truong/khoa-cac-khoa-hoc-lien-nganh-dai-hoc-quoc-gia-ha-noi?keyword=QHK,Khoa các khoa học liên ngành - Đại học Quốc gia Hà Nội,QHK,Hà Nội
220,https://vietnamnet.vn//giao-duc/diem-thi/tra-cuu-diem-chuan-cd-dh-2023/truong/khoa-luat-dai-hoc-quoc-gia-ha-noi?keyword=QHL,Khoa Luật - Đại học Quốc gia Hà Nội,QHL,Hà Nội
221,https://vietnamnet.vn//giao-duc/diem-thi/tra-cuu-diem-chuan-cd-dh-2023/truong/khoa-quoc-te-dai-hoc-quoc-gia-ha-noi?keyword=QHQ,Khoa Quốc Tế - Đại học Quốc Gia Hà Nội,QHQ,Hà Nội
222,https://vietnamnet.vn//giao-duc/diem-thi/tra-cuu-diem-chuan-cd-dh-2023/truong/dai-hoc-giao-duc-dai-hoc-quoc-gia-ha-noi?keyword=QHS,Đại học Giáo dục - Đại học Quốc gia Hà Nội,QHS,Hà Nội
223,https://vietnamnet.vn//giao-duc/diem-thi/tra-cuu-diem-chuan-cd-dh-2023/truong/dai-hoc-khoa-hoc-tu-nhien-dai-hoc-quoc-gia-ha-noi?keyword=QHT,Đại học Khoa học tự nhiên - Đại học Quốc Gia Hà Nội,QHT,Hà Nội
224,https://vietnamnet.vn//giao-duc/diem-thi/tra-cuu-diem-chuan-cd-dh-2023/truong/dai-hoc-khoa-hoc-xa-hoi-va-nhan-van-dai-hoc-quoc-gia-ha-noi?keyword=QHX,Đại học Khoa học Xã hội và Nhân văn - Đại học Quốc gia Hà Nội,QHX,Hà Nội
225,https://vietnamnet.vn//giao-duc/diem-thi/tra-cuu-diem-chuan-cd-dh-2023/truong/dai-hoc-y-duoc-dai-hoc-quoc-gia-ha-noi?keyword=QHY,Đại học Y Dược - Đại học Quốc Gia Hà Nội,QHY,Hà Nội
226,https://vietnamnet.vn//giao-duc/diem-thi/tra-cuu-diem-chuan-cd-dh-2023/truong/dai-hoc-an-giang-dai-hoc-quoc-gia-tp-hcm?keyword=QSA,Đại học An Giang - Đại học Quốc gia TP HCM,QSA,An Giang
227,https://vietnamnet.vn//giao-duc/diem-thi/tra-cuu-diem-chuan-cd-dh-2023/truong/dai-hoc-bach-khoa-dai-hoc-quoc-gia-tp-hcm?keyword=QSB,Đại học Bách khoa - Đại học Quốc gia TP HCM,QSB,TP HCM
228,https://vietnamnet.vn//giao-duc/diem-thi/tra-cuu-diem-chuan-cd-dh-2023/truong/dai-hoc-cong-nghe-thong-tin-dai-hoc-quoc-gia-tp-hcm?keyword=QSC,Đại học Công nghệ Thông tin - Đại học Quốc gia TP HCM,QSC,TP HCM
229,https://vietnamnet.vn//giao-duc/diem-thi/tra-cuu-diem-chuan-cd-dh-2023/truong/khoa-chinh-tri-hanh-chinh-dai-hoc-quoc-gia-tp-hcm?keyword=QSH,Khoa Chính trị - Hành chính - Đại học Quốc gia TP HCM,QSH,TP HCM
230,https://vietnamnet.vn//giao-duc/diem-thi/tra-cuu-diem-chuan-cd-dh-2023/truong/dai-hoc-kinh-te-luat-dai-hoc-quoc-gia-tp-hcm?keyword=QSK,"Đại học Kinh tế - Luật, Đại học Quốc gia TP HCM",QSK,TP HCM
231,https://vietnamnet.vn//giao-duc/diem-thi/tra-cuu-diem-chuan-cd-dh-2023/truong/dai-hoc-quoc-te-dai-hoc-quoc-gia-tp-hcm?keyword=QSQ,Đại học Quốc tế - Đại học Quốc gia TP HCM,QSQ,TP HCM
232,https://vietnamnet.vn//giao-duc/diem-thi/tra-cuu-diem-chuan-cd-dh-2023/truong/dai-hoc-khoa-hoc-tu-nhien-dai-hoc-quoc-gia-tp-hcm?keyword=QST,Đại học Khoa học Tự nhiên - Đại học Quốc gia TP HCM,QST,TP HCM
233,https://vietnamnet.vn//giao-duc/diem-thi/tra-cuu-diem-chuan-cd-dh-2023/truong/dai-hoc-khoa-hoc-xa-hoi-va-nhan-van-dai-hoc-quoc-gia-tp-hcm?keyword=QSX,Đại học Khoa học xã hội và Nhân văn - Đại học Quốc gia TP HCM,QSX,TP HCM
234,https://vietnamnet.vn//giao-duc/diem-thi/tra-cuu-diem-chuan-cd-dh-2023/truong/khoa-y-dai-hoc-quoc-gia-tp-hcm?keyword=QSY,Khoa Y - Đại học Quốc Gia TP HCM,QSY,TP HCM
235,https://vietnamnet.vn//giao-duc/diem-thi/tra-cuu-diem-chuan-cd-dh-2023/truong/dai-hoc-sao-do?keyword=SDU,Đại học Sao Đỏ,SDU,Hải Dương
236,https://vietnamnet.vn//giao-duc/diem-thi/tra-cuu-diem-chuan-cd-dh-2023/truong/dai-hoc-sai-gon?keyword=SGD,Đại học Sài Gòn,SGD,TP HCM
237,https://vietnamnet.vn//giao-duc/diem-thi/tra-cuu-diem-chuan-cd-dh-2023/truong/dai-hoc-san-khau-dien-anh?keyword=SKD,Đại Học Sân Khấu Điện Ảnh,SKD,Hà Nội
238,https://vietnamnet.vn//giao-duc/diem-thi/tra-cuu-diem-chuan-cd-dh-2023/truong/dai-hoc-su-pham-ky-thuat-hung-yen?keyword=SKH,Đại học Sư phạm Kỹ thuật Hưng Yên,SKH,Hưng Yên
239,https://vietnamnet.vn//giao-duc/diem-thi/tra-cuu-diem-chuan-cd-dh-2023/truong/dai-hoc-su-pham-ky-thuat-nam-dinh?keyword=SKN,Đại Học Sư Phạm Kỹ Thuật Nam Định,SKN,Nam Định
240,https://vietnamnet.vn//giao-duc/diem-thi/tra-cuu-diem-chuan-cd-dh-2023/truong/dai-hoc-su-pham-ky-thuat-vinh?keyword=SKV,Đại học Sư Phạm Kỹ Thuật Vinh,SKV,Nghệ An
241,https://vietnamnet.vn//giao-duc/diem-thi/tra-cuu-diem-chuan-cd-dh-2023/truong/truong-si-quan-cong-binh-he-quan-su-dai-hoc-ngo-quyen?keyword=SNH,Trường Sĩ Quan Công Binh - Hệ Quân sự - Đại học Ngô Quyền,SNH,Bình Dương
242,https://vietnamnet.vn//giao-duc/diem-thi/tra-cuu-diem-chuan-cd-dh-2023/truong/dai-hoc-su-pham-ha-noi-2?keyword=SP2,Đại học Sư phạm Hà Nội 2,SP2,Vĩnh Phúc
243,https://vietnamnet.vn//giao-duc/diem-thi/tra-cuu-diem-chuan-cd-dh-2023/truong/dai-hoc-dong-thap?keyword=SPD,Đại học Đồng Tháp,SPD,Đồng Tháp
244,https://vietnamnet.vn//giao-duc/diem-thi/tra-cuu-diem-chuan-cd-dh-2023/truong/dai-hoc-su-pham-ha-noi?keyword=SPH,Đại học Sư phạm Hà Nội,SPH,Hà Nội
245,https://vietnamnet.vn//giao-duc/diem-thi/tra-cuu-diem-chuan-cd-dh-2023/truong/dai-hoc-su-pham-ky-thuat-tp-hcm?keyword=SPK,Đại học Sư phạm Kỹ thuật TP HCM,SPK,TP HCM
246,https://vietnamnet.vn//giao-duc/diem-thi/tra-cuu-diem-chuan-cd-dh-2023/truong/dai-hoc-su-pham-tp-hcm?keyword=SPS,Đại học Sư Phạm TP HCM,SPS,TP HCM
247,https://vietnamnet.vn//giao-duc/diem-thi/tra-cuu-diem-chuan-cd-dh-2023/truong/dai-hoc-su-pham-the-duc-the-thao-tp-hcm?keyword=STS,Đại học Sư phạm Thể dục thể thao TP HCM,STS,TP HCM
248,https://vietnamnet.vn//giao-duc/diem-thi/tra-cuu-diem-chuan-cd-dh-2023/truong/dai-hoc-thai-binh-duong?keyword=TBD,Đại học Thái Bình Dương,TBD,Khánh Hòa
249,https://vietnamnet.vn//giao-duc/diem-thi/tra-cuu-diem-chuan-cd-dh-2023/truong/dai-hoc-can-tho?keyword=TCT,Đại học Cần Thơ,TCT,Cần Thơ
250,https://vietnamnet.vn//giao-duc/diem-thi/tra-cuu-diem-chuan-cd-dh-2023/truong/truong-si-quan-thong-tin-he-dan-su-dai-hoc-thong-tin-lien-lac?keyword=TCU,Trường Sĩ Quan Thông Tin - Hệ Dân Sự - Đại Học Thông Tin Liên Lạc,TCU,Khánh Hòa
251,https://vietnamnet.vn//giao-duc/diem-thi/tra-cuu-diem-chuan-cd-dh-2023/truong/dai-hoc-the-duc-the-thao-bac-ninh?keyword=TDB,Đại Học Thể Dục Thể Thao Bắc Ninh,TDB,Bắc Ninh
252,https://vietnamnet.vn//giao-duc/diem-thi/tra-cuu-diem-chuan-cd-dh-2023/truong/dai-hoc-thanh-do?keyword=TDD,Đại học Thành Đô,TDD,Hà Nội
253,https://vietnamnet.vn//giao-duc/diem-thi/tra-cuu-diem-chuan-cd-dh-2023/truong/dai-hoc-su-pham-the-duc-the-thao-ha-noi?keyword=TDH,Đại Học Sư Phạm Thể Dục Thể Thao Hà Nội,TDH,Hà Nội
254,https://vietnamnet.vn//giao-duc/diem-thi/tra-cuu-diem-chuan-cd-dh-2023/truong/dai-hoc-da-lat?keyword=TDL,Đại học Đà Lạt,TDL,Lâm Đồng
255,https://vietnamnet.vn//giao-duc/diem-thi/tra-cuu-diem-chuan-cd-dh-2023/truong/dai-hoc-thu-dau-mot?keyword=TDM,Đại học Thủ Dầu Một,TDM,Bình Dương
256,https://vietnamnet.vn//giao-duc/diem-thi/tra-cuu-diem-chuan-cd-dh-2023/truong/dai-hoc-the-duc-the-thao-tp-hcm?keyword=TDS,Đại học Thể dục Thể thao TP HCM,TDS,TP HCM
257,https://vietnamnet.vn//giao-duc/diem-thi/tra-cuu-diem-chuan-cd-dh-2023/truong/dai-hoc-vinh?keyword=TDV,Đại học Vinh,TDV,Nghệ An
258,https://vietnamnet.vn//giao-duc/diem-thi/tra-cuu-diem-chuan-cd-dh-2023/truong/truong-si-quan-tang-thiet-giap?keyword=TGH,Trường Sĩ  Quan Tăng - Thiết Giáp,TGH,Vĩnh Phúc
259,https://vietnamnet.vn//giao-duc/diem-thi/tra-cuu-diem-chuan-cd-dh-2023/truong/dai-hoc-hai-phong?keyword=THP,Đại học Hải Phòng,THP,Hải Phòng
260,https://vietnamnet.vn//giao-duc/diem-thi/tra-cuu-diem-chuan-cd-dh-2023/truong/dai-hoc-hung-vuong?keyword=THV,Đại học Hùng Vương,THV,Phú Thọ
261,https://vietnamnet.vn//giao-duc/diem-thi/tra-cuu-diem-chuan-cd-dh-2023/truong/dai-hoc-kien-giang?keyword=TKG,Đại học Kiên Giang,TKG,Kiên Giang
262,https://vietnamnet.vn//giao-duc/diem-thi/tra-cuu-diem-chuan-cd-dh-2023/truong/dai-hoc-thuy-loi-co-so-1?keyword=TLA,Đại học Thủy Lợi ( Cơ sở 1 ),TLA,Hà Nội
263,https://vietnamnet.vn//giao-duc/diem-thi/tra-cuu-diem-chuan-cd-dh-2023/truong/dai-hoc-thuy-loi-co-so-2?keyword=TLS,Đại Học Thủy Lợi ( Cơ sở 2 ),TLS,TP HCM
264,https://vietnamnet.vn//giao-duc/diem-thi/tra-cuu-diem-chuan-cd-dh-2023/truong/dai-hoc-thuong-mai?keyword=TMA,Đại học Thương mại,TMA,Hà Nội
265,https://vietnamnet.vn//giao-duc/diem-thi/tra-cuu-diem-chuan-cd-dh-2023/truong/dai-hoc-tan-trao?keyword=TQU,Đại học Tân Trào,TQU,Tuyên Quang
266,https://vietnamnet.vn//giao-duc/diem-thi/tra-cuu-diem-chuan-cd-dh-2023/truong/dai-hoc-nha-trang?keyword=TSN,Đại học Nha Trang,TSN,Khánh Hòa
267,https://vietnamnet.vn//giao-duc/diem-thi/tra-cuu-diem-chuan-cd-dh-2023/truong/dai-hoc-tay-bac?keyword=TTB,Đại học Tây Bắc,TTB,Sơn La
268,https://vietnamnet.vn//giao-duc/diem-thi/tra-cuu-diem-chuan-cd-dh-2023/truong/dai-hoc-the-duc-the-thao-da-nang?keyword=TTD,Đại Học Thể Dục Thể Thao Đà Nẵng,TTD,Đà Nẵng
269,https://vietnamnet.vn//giao-duc/diem-thi/tra-cuu-diem-chuan-cd-dh-2023/truong/dai-hoc-tien-giang?keyword=TTG,Đại học Tiền Giang,TTG,Tiền Giang
270,https://vietnamnet.vn//giao-duc/diem-thi/tra-cuu-diem-chuan-cd-dh-2023/truong/truong-si-quan-thong-tin-he-quan-su-dai-hoc-thong-tin-lien-lac?keyword=TTH,Trường Sĩ Quan Thông Tin - Hệ Quân sự - Đại học Thông Tin Liên Lạc,TTH,Khánh Hòa
271,https://vietnamnet.vn//giao-duc/diem-thi/tra-cuu-diem-chuan-cd-dh-2023/truong/dai-hoc-tay-nguyen?keyword=TTN,Đại học Tây Nguyên,TTN,Đắk Lắk
272,https://vietnamnet.vn//giao-duc/diem-thi/tra-cuu-diem-chuan-cd-dh-2023/truong/dai-hoc-quoc-te-sai-gon?keyword=TTQ,Đại học Quốc tế Sài Gòn,TTQ,TP HCM
273,https://vietnamnet.vn//giao-duc/diem-thi/tra-cuu-diem-chuan-cd-dh-2023/truong/dai-hoc-tan-tao?keyword=TTU,Đại học Tân Tạo,TTU,Long An
274,https://vietnamnet.vn//giao-duc/diem-thi/tra-cuu-diem-chuan-cd-dh-2023/truong/dai-hoc-y-khoa-pham-ngoc-thach?keyword=TYS,Đại Học Y Khoa Phạm Ngọc Thạch,TYS,TP.HCM
275,https://vietnamnet.vn//giao-duc/diem-thi/tra-cuu-diem-chuan-cd-dh-2023/truong/dai-hoc-kinh-te-tai-chinh-tp-hcm?keyword=UEF,Đại học Kinh Tế -Tài Chính TP HCM,UEF,TP HCM
276,https://vietnamnet.vn//giao-duc/diem-thi/tra-cuu-diem-chuan-cd-dh-2023/truong/dai-hoc-kinh-bac?keyword=UKB,Đại học Kinh Bắc,UKB,Bắc Ninh
277,https://vietnamnet.vn//giao-duc/diem-thi/tra-cuu-diem-chuan-cd-dh-2023/truong/dai-hoc-khanh-hoa?keyword=UKH,Đại học Khánh Hòa,UKH,Khánh Hòa
278,https://vietnamnet.vn//giao-duc/diem-thi/tra-cuu-diem-chuan-cd-dh-2023/truong/dai-hoc-viet-duc?keyword=VGU,Đại học Việt Đức,VGU,Bình Dương
279,https://vietnamnet.vn//giao-duc/diem-thi/tra-cuu-diem-chuan-cd-dh-2023/truong/dai-hoc-cong-nghiep-viet-hung?keyword=VHD,Đại Học Công Nghiệp Việt Hung,VHD,Hà Nội
280,https://vietnamnet.vn//giao-duc/diem-thi/tra-cuu-diem-chuan-cd-dh-2023/truong/dai-hoc-van-hoa-ha-noi?keyword=VHH,Đại học Văn Hóa Hà Nội,VHH,Hà Nội
281,https://vietnamnet.vn//giao-duc/diem-thi/tra-cuu-diem-chuan-cd-dh-2023/truong/dai-hoc-van-hoa-tp-hcm?keyword=VHS,Đại học Văn hoá TP HCM,VHS,TP HCM
282,https://vietnamnet.vn//giao-duc/diem-thi/tra-cuu-diem-chuan-cd-dh-2023/truong/dai-hoc-viet-nhat-dai-hoc-quoc-gia-ha-noi?keyword=VJU,Đại học Việt Nhật - Đại học Quốc gia Hà Nội,VJU,Hà Nội
283,https://vietnamnet.vn//giao-duc/diem-thi/tra-cuu-diem-chuan-cd-dh-2023/truong/dai-hoc-cong-nghe-thong-tin-va-truyen-thong-viet-han?keyword=VKU,Đại học Công nghệ Thông tin và Truyền thông Việt - Hàn,VKU,Đà Nẵng
284,https://vietnamnet.vn//giao-duc/diem-thi/tra-cuu-diem-chuan-cd-dh-2023/truong/dai-hoc-su-pham-ky-thuat-vinh-long?keyword=VLU,Đại học Sư phạm Kỹ thuật Vĩnh Long,VLU,Vĩnh Long
285,https://vietnamnet.vn//giao-duc/diem-thi/tra-cuu-diem-chuan-cd-dh-2023/truong/truong-si-quan-ki-thuat-quan-su-he-quan-su-dai-hoc-tran-dai-nghia?keyword=VPH,Trường Sĩ Quan Kĩ Thuật Quân Sự -  Hệ Quân sự - Đại Học Trần Đại Nghĩa,VPH,TP HCM
286,https://vietnamnet.vn//giao-duc/diem-thi/tra-cuu-diem-chuan-cd-dh-2023/truong/dai-hoc-vo-truong-toan?keyword=VTT,Đại học Võ Trường Toản,VTT,Hậu Giang
287,https://vietnamnet.vn//giao-duc/diem-thi/tra-cuu-diem-chuan-cd-dh-2023/truong/dai-hoc-cong-nghiep-viet-tri?keyword=VUI,Đại Học Công Nghiệp Việt Trì,VUI,Phú Thọ
288,https://vietnamnet.vn//giao-duc/diem-thi/tra-cuu-diem-chuan-cd-dh-2023/truong/dai-hoc-xay-dung-ha-noi?keyword=XDA,Đại học Xây dựng Hà Nội,XDA,Hà Nội
289,https://vietnamnet.vn//giao-duc/diem-thi/tra-cuu-diem-chuan-cd-dh-2023/truong/dai-hoc-xay-dung-mien-trung?keyword=XDT,Đại học Xây dựng Miền Trung,XDT,Phú Yên
290,https://vietnamnet.vn//giao-duc/diem-thi/tra-cuu-diem-chuan-cd-dh-2023/truong/dai-hoc-y-duoc-can-tho?keyword=YCT,Đại học Y Dược Cần Thơ,YCT,Cần Thơ
291,https://vietnamnet.vn//giao-duc/diem-thi/tra-cuu-diem-chuan-cd-dh-2023/truong/dai-hoc-dieu-duong-nam-dinh?keyword=YDD,Đại học Điều Dưỡng Nam Định,YDD,Nam Định
292,https://vietnamnet.vn//giao-duc/diem-thi/tra-cuu-diem-chuan-cd-dh-2023/truong/dai-hoc-ky-thuat-y-duoc-da-nang?keyword=YDN,Đại học Kỹ thuật Y Dược Đà Nẵng,YDN,Đà Nẵng
293,https://vietnamnet.vn//giao-duc/diem-thi/tra-cuu-diem-chuan-cd-dh-2023/truong/dai-hoc-y-duoc-tp-hcm?keyword=YDS,Đại học Y Dược TP HCM,YDS,TP HCM
294,https://vietnamnet.vn//giao-duc/diem-thi/tra-cuu-diem-chuan-cd-dh-2023/truong/dai-hoc-y-ha-noi?keyword=YHB,Đại học Y Hà Nội,YHB,Hà Nội
295,https://vietnamnet.vn//giao-duc/diem-thi/tra-cuu-diem-chuan-cd-dh-2023/truong/dai-hoc-y-khoa-vinh?keyword=YKV,Đại học Y Khoa Vinh,YKV,Nghệ An
296,https://vietnamnet.vn//giao-duc/diem-thi/tra-cuu-diem-chuan-cd-dh-2023/truong/dai-hoc-y-duoc-hai-phong?keyword=YPB,Đại học Y Dược Hải Phòng,YPB,Hải Phòng
297,https://vietnamnet.vn//giao-duc/diem-thi/tra-cuu-diem-chuan-cd-dh-2023/truong/hoc-vien-quan-y-he-quan-su?keyword=YQH,Học viện Quân Y - Hệ Quân sự,YQH,Hà Nội
298,https://vietnamnet.vn//giao-duc/diem-thi/tra-cuu-diem-chuan-cd-dh-2023/truong/dai-hoc-y-duoc-thai-binh?keyword=YTB,Đại học Y Dược Thái Bình,YTB,Thái Bình
299,https://vietnamnet.vn//giao-duc/diem-thi/tra-cuu-diem-chuan-cd-dh-2023/truong/dai-hoc-y-te-cong-cong?keyword=YTC,Đại học Y Tế Công Cộng,YTC,Hà Nội
300,https://vietnamnet.vn//giao-duc/diem-thi/tra-cuu-diem-chuan-cd-dh-2023/truong/truong-si-quan-cong-binh-he-dan-su-dai-hoc-ngo-quyen?keyword=ZCH,Trường Sĩ Quan Công Binh - Hệ Dân sự - Đại học Ngô Quyền,ZCH,Bình Dương
301,https://vietnamnet.vn//giao-duc/diem-thi/tra-cuu-diem-chuan-cd-dh-2023/truong/dai-hoc-van-hoa-nghe-thuat-quan-doi?keyword=ZNH,Đại Học Văn Hóa – Nghệ Thuật Quân Đội,ZNH,Hà Nội
302,https://vietnamnet.vn//giao-duc/diem-thi/tra-cuu-diem-chuan-cd-dh-2023/truong/truong-si-quan-ki-thuat-quan-su-he-dan-su-dai-hoc-tran-dai-nghia?keyword=ZPH,Trường Sĩ Quan Kĩ Thuật Quân Sự - Hệ Dân sự - Đại Học Trần Đại Nghĩa,ZPH,TP HCM
